{
    "metadata":{
        "normal":62,
        "generator":"io_three",
        "version":3,
        "position":62,
        "type":"BufferGeometry"
    },
    "data":{
        "attributes":{
            "normal":{
                "itemSize":3,
                "array":[-1,0,-0,-1,0,-0,-1,0,-0,0,0,0,0,0,0,1,-0,0,1,-0,0,1,-0,0,0,2.59122e-08,1,0,2.59122e-08,1,0,2.59122e-08,1,0,-1,2.98023e-08,0,-1,2.98023e-08,0,-1,2.98023e-08,0,1,-0,0,1,-0,0,1,-0,0,0,0,0,0,0,0,0,-1,0,0,-1,0,0,-1,0,-3.12995e-08,-1,0,-3.12995e-08,-1,0,-3.12995e-08,-1,-0,1,0,-0,1,0,-0,1,0,0,1,0,0,1,0,0,1,0,0,1,0,0,1,-0,0,1,-0,0,1,-0,-1,-0,-0,-1,-0,-0,-1,-0,-0,1,0,-0,1,0,-0,1,0,-0,0,0,-1,0,0,-1,0,0,-1,0,0,-1,0,0,-1,-0,-0,-1,-0,-0,-1,-1,0,0,1,0,0,-0,2.59122e-08,1,0,-1,2.98023e-08,0,1,0,0,-3.12995e-08,-1,0,1,0,-1,0,0,-1,0,0,-1,0,0,1,-0,0,1,-0,0,1,-0,0,0,-0,-1],
                "type":"Float32Array"
            },
            "position":{
                "itemSize":3,
                "array":[-1.09044,2.71532,0.878017,-1.09044,0.415069,-1.12198,-1.09044,0.415069,0.878017,0.909558,2.71532,-1.12198,-1.09044,2.71532,-1.12198,0.909558,2.71532,-1.12198,0.909558,0.415069,0.878017,0.909558,0.415069,-1.12198,0.909558,2.71532,0.878017,-1.09044,0.415069,0.878017,0.909558,0.415069,0.878017,0.909558,0.415069,-1.12198,-1.09044,0.415069,0.878017,-1.09044,0.415069,-1.12198,-1.09044,2.71532,-1.12198,0.104993,2.71532,-0.305219,0.104993,2.71532,-1.0913,-1.09044,0.415069,-1.12198,0.909558,0.415069,-1.12198,0.909558,2.71532,-1.12198,0.101771,2.70616,-1.12198,-1.09044,2.71532,-1.12198,0.891072,2.71532,-0.305219,0.104993,1.76316,-0.305219,0.104993,2.71532,-0.305219,0.909558,2.71532,0.878017,0.104993,2.71532,-0.305219,-1.09044,2.71532,0.878017,0.909558,2.71532,-1.12198,0.104993,2.71532,-1.0913,0.891072,2.71532,-1.0913,0.891072,2.71532,-0.305219,0.104993,1.76316,-1.0913,0.891072,1.76316,-0.305219,0.891072,1.76316,-1.0913,0.891072,2.71532,-1.0913,0.891072,1.76316,-0.305219,0.891072,2.71532,-0.305219,0.104993,2.71532,-0.305219,0.104993,1.76316,-1.0913,0.104993,2.71532,-1.0913,-1.09044,2.71532,-1.12198,0.101771,1.78706,-1.12198,-1.09044,0.415069,-1.12198,0.900904,1.78706,-1.12198,0.900904,2.70616,-1.12198,0.909558,0.415069,-1.12198,0.101771,1.78706,-1.12198,-1.09044,2.71532,-1.12198,0.909558,2.71532,0.878017,-1.09044,2.71532,0.878017,0.909558,0.415069,0.878017,-1.09044,2.71532,-1.12198,0.891072,1.76316,-0.305219,0.104993,1.76316,-0.305219,0.891072,2.71532,-1.0913,0.891072,1.76316,-1.0913,0.891072,1.76316,-0.305219,0.104993,2.71532,-0.305219,0.104993,1.76316,-0.305219,0.104993,1.76316,-1.0913,0.909558,0.415069,-1.12198],
                "type":"Float32Array"
            }
        },
        "index":{
            "itemSize":1,
            "array":[0,1,2,3,4,4,5,6,7,8,9,10,11,12,13,14,15,16,17,18,18,4,17,17,18,3,3,17,18,18,19,20,21,3,4,4,4,17,17,18,3,3,22,23,24,25,26,27,28,29,30,28,31,25,32,33,34,35,36,37,38,39,40,41,42,43,19,44,45,46,47,44,0,48,1,3,3,4,5,49,6,8,50,9,11,51,12,52,27,26,17,17,18,4,4,17,18,18,3,17,17,18,19,45,20,3,3,4,4,4,17,18,18,3,22,53,23,25,31,26,28,52,29,28,30,31,32,54,33,55,56,57,58,59,60,21,20,47,19,46,44,61,43,42],
            "type":"Uint16Array"
        },
        "groups":[{
            "start":0,
            "count":144,
            "materialIndex":0
        }]
    }
}