{
    "metadata":{
        "version":3,
        "generator":"io_three",
        "position":24,
        "type":"BufferGeometry",
        "normal":24
    },
    "data":{
        "index":{
            "array":[0,1,2,3,4,5,6,7,8,9,10,11,12,13,14,15,16,17,0,18,1,3,19,4,6,20,7,9,21,10,12,22,13,15,23,16],
            "itemSize":1,
            "type":"Uint16Array"
        },
        "groups":[{
            "materialIndex":0,
            "start":0,
            "count":36
        }],
        "attributes":{
            "normal":{
                "array":[-1,0,-0,-1,0,-0,-1,0,-0,0,-2.98023e-08,-1,0,-2.98023e-08,-1,0,-2.98023e-08,-1,1,-0,0,1,-0,0,1,-0,0,0,2.98023e-08,1,0,2.98023e-08,1,0,2.98023e-08,1,0,-1,2.98023e-08,0,-1,2.98023e-08,0,-1,2.98023e-08,0,1,-2.98023e-08,0,1,-2.98023e-08,0,1,-2.98023e-08,-1,0,0,-0,-2.98023e-08,-1,1,0,0,-0,2.98023e-08,1,0,-1,2.98023e-08,0,1,-2.98023e-08],
                "itemSize":3,
                "type":"Float32Array"
            },
            "position":{
                "array":[-1,1,1,-1,-1,-1,-1,-1,1,-1,1,-1,1,-1,-1,-1,-1,-1,1,1,-1,1,-1,1,1,-1,-1,1,1,1,-1,-1,1,1,-1,1,1,-1,-1,-1,-1,1,-1,-1,-1,-1,1,-1,1,1,1,1,1,-1,-1,1,-1,1,1,-1,1,1,1,-1,1,1,1,-1,1,-1,1,1],
                "itemSize":3,
                "type":"Float32Array"
            }
        }
    }
}